Packet Size,,0:14,1
Packet Size,,0:14,3
Packet Size,,0:14,3
Packet Size,,0:18,20
Packet Size,,0:0,1
Packet Size,,0:0,1
Packet Size,,0:0,3
Packet Size,,0:0,1
Packet Size,,0:1,23
Packet Size,,0:1,23
Packet Size,,0:1,47
Packet Size,,0:1,51
Packet Size,,0:1,1
Packet Size,,0:2,47
Packet Size,,0:2,51
Packet Size,,0:2,23
Packet Size,,0:2,51
Packet Size,,0:2,47
Packet Size,,0:2,51
Packet Size,,0:2,1
Packet Size,,0:2,51
Packet Size,,0:2,47
Packet Size,,0:2,47
Packet Size,,0:2,51
Packet Size,,0:2,51
Packet Size,,0:3,51
Packet Size,,0:3,47
Packet Size,,0:3,51
Packet Size,,0:3,51
Packet Size,,0:3,47
Packet Size,,0:3,51
Packet Size,,0:3,51
Packet Size,,0:3,47
Packet Size,,0:3,51
Packet Size,,0:3,51
Packet Size,,0:3,1
Packet Size,,0:3,19
Packet Size,,0:3,51
Packet Size,,0:3,51
Packet Size,,0:3,47
Packet Size,,0:3,51
Packet Size,,0:4,51
Packet Size,,0:4,51
Packet Size,,0:4,23
Packet Size,,0:4,51
Packet Size,,0:4,51
Packet Size,,0:4,51
Packet Size,,0:4,51
Packet Size,,0:4,47
Packet Size,,0:4,1
Packet Size,,0:4,51
Packet Size,,0:4,51
Packet Size,,0:4,51
Packet Size,,0:4,51
Packet Size,,0:5,47
Packet Size,,0:5,19
Packet Size,,0:5,51
Packet Size,,0:5,51
Packet Size,,0:5,51
Packet Size,,0:5,51
Packet Size,,0:5,47
Packet Size,,0:5,51
Packet Size,,0:5,47
Packet Size,,0:5,51
Packet Size,,0:5,1
Packet Size,,0:5,51
Packet Size,,0:5,51
Packet Size,,0:5,51
Packet Size,,0:6,51
Packet Size,,0:6,51
Packet Size,,0:6,51
Packet Size,,0:6,51
Packet Size,,0:6,51
Packet Size,,0:6,51
Packet Size,,0:6,51
Packet Size,,0:6,1
Packet Size,,0:6,47
Packet Size,,0:6,51
Packet Size,,0:6,51
Packet Size,,0:6,47
Packet Size,,0:6,51
Packet Size,,0:7,51
Packet Size,,0:7,47
Packet Size,,0:7,51
Packet Size,,0:7,51
Packet Size,,0:7,51
Packet Size,,0:7,51
Packet Size,,0:7,51
Packet Size,,0:7,1
Packet Size,,0:7,51
Packet Size,,0:7,51
Packet Size,,0:7,51
Packet Size,,0:7,47
Packet Size,,0:7,51
Packet Size,,0:8,51
Packet Size,,0:8,51
Packet Size,,0:8,51
Packet Size,,0:8,51
Packet Size,,0:8,51
Packet Size,,0:8,51
Packet Size,,0:8,47
Packet Size,,0:8,1
Packet Size,,0:8,51
Packet Size,,0:8,51
Packet Size,,0:8,51
Packet Size,,0:9,51
Packet Size,,0:9,23
Packet Size,,0:9,51
Packet Size,,0:9,51
Packet Size,,0:9,47
Packet Size,,0:9,23
Packet Size,,0:9,51
Packet Size,,0:9,23
Packet Size,,0:9,51
Packet Size,,0:9,19
Packet Size,,0:9,47
Packet Size,,0:9,19
Packet Size,,0:9,19
Packet Size,,0:9,51
Packet Size,,0:9,1
Packet Size,,0:9,47
Packet Size,,0:9,51
Packet Size,,0:9,51
Packet Size,,0:9,51
Packet Size,,0:9,19
Packet Size,,0:9,51
Packet Size,,0:9,47
Packet Size,,0:9,51
Packet Size,,0:9,47
Packet Size,,0:9,51
Packet Size,,0:9,47
Packet Size,,0:9,51
Packet Size,,0:9,47
Packet Size,,0:9,51
Packet Size,,0:9,47
Packet Size,,0:9,51
Packet Size,,0:9,51
Packet Size,,0:9,1
Packet Size,,0:9,51
Packet Size,,0:9,19
Packet Size,,0:9,47
Packet Size,,0:9,51
Packet Size,,0:9,51
Packet Size,,0:10,23
Packet Size,,0:10,51
Packet Size,,0:10,51
Packet Size,,0:10,47
Packet Size,,0:10,51
Packet Size,,0:10,51
Packet Size,,0:10,19
Packet Size,,0:10,23
Packet Size,,0:10,47
Packet Size,,0:10,47
Packet Size,,0:10,51
Packet Size,,0:10,1
Packet Size,,0:10,51
Packet Size,,0:10,47
Packet Size,,0:10,51
Packet Size,,0:10,51
Packet Size,,0:10,51
Packet Size,,0:11,51
Packet Size,,0:11,51
Packet Size,,0:11,19
Packet Size,,0:11,47
Packet Size,,0:11,51
Packet Size,,0:11,51
Packet Size,,0:11,51
Packet Size,,0:11,51
Packet Size,,0:11,1
Packet Size,,0:11,51
Packet Size,,0:11,19
Packet Size,,0:11,47
Packet Size,,0:11,51
Packet Size,,0:11,19
Packet Size,,0:11,47
Packet Size,,0:12,51
Packet Size,,0:12,51
Packet Size,,0:12,47
Packet Size,,0:12,1
Packet Size,,0:12,47
Packet Size,,0:12,51
Packet Size,,0:12,47
Packet Size,,0:12,19
Packet Size,,0:12,23
Packet Size,,0:12,51
Packet Size,,0:12,51
Packet Size,,0:13,47
Packet Size,,0:13,19
Packet Size,,0:13,47
Packet Size,,0:13,51
Packet Size,,0:13,51
Packet Size,,0:13,51
Packet Size,,0:13,51
Packet Size,,0:13,51
Packet Size,,0:13,47
Packet Size,,0:13,51
Packet Size,,0:13,1
Packet Size,,0:13,19
Packet Size,,0:13,47
Packet Size,,0:13,51
Packet Size,,0:13,51
Packet Size,,0:13,51
Packet Size,,0:14,51
Packet Size,,0:14,51
Packet Size,,0:14,47
Packet Size,,0:14,47
Packet Size,,0:14,51
Packet Size,,0:14,51
Packet Size,,0:14,51
Packet Size,,0:14,51
Packet Size,,0:14,47
Packet Size,,0:14,1
Packet Size,,0:14,51
Packet Size,,0:14,19
Packet Size,,0:14,51
Packet Size,,0:14,23
Packet Size,,0:14,47
Packet Size,,0:14,19
Packet Size,,0:14,47
Packet Size,,0:14,51
Packet Size,,0:14,51
Packet Size,,0:14,23
Packet Size,,0:15,51
Packet Size,,0:15,51
Packet Size,,0:15,51
Packet Size,,0:15,47
Packet Size,,0:15,19
Packet Size,,0:15,47
Packet Size,,0:15,51
Packet Size,,0:15,23
Packet Size,,0:15,19
Packet Size,,0:15,51
Packet Size,,0:15,47
Packet Size,,0:15,51
Packet Size,,0:15,1
Packet Size,,0:15,51
Packet Size,,0:15,51
Packet Size,,0:15,51
Packet Size,,0:15,19
Packet Size,,0:15,51
Packet Size,,0:15,47
Packet Size,,0:16,19
Packet Size,,0:16,51
Packet Size,,0:16,19
Packet Size,,0:16,47
Packet Size,,0:16,23
Packet Size,,0:16,51
Packet Size,,0:16,51
Packet Size,,0:16,51
Packet Size,,0:16,19
Packet Size,,0:16,51
Packet Size,,0:16,51
Packet Size,,0:16,1
Packet Size,,0:16,19
Packet Size,,0:16,47
Packet Size,,0:16,47
Packet Size,,0:16,51
Packet Size,,0:16,51
Packet Size,,0:16,19
Packet Size,,0:16,47
Packet Size,,0:16,51
Packet Size,,0:17,51
Packet Size,,0:17,19
Packet Size,,0:17,51
Packet Size,,0:17,51
Packet Size,,0:17,51
Packet Size,,0:17,47
Packet Size,,0:17,51
Packet Size,,0:17,47
Packet Size,,0:17,51
Packet Size,,0:17,1
Packet Size,,0:17,19
Packet Size,,0:17,51
Packet Size,,0:17,47
Packet Size,,0:17,51
Packet Size,,0:17,51
Packet Size,,0:17,23
Packet Size,,0:17,51
Packet Size,,0:18,51
Packet Size,,0:18,47
Packet Size,,0:18,19
Packet Size,,0:18,51
Packet Size,,0:18,47
Packet Size,,0:18,23
Packet Size,,0:18,51
Packet Size,,0:18,51
Packet Size,,0:18,19
Packet Size,,0:18,51
Packet Size,,0:18,51
Packet Size,,0:18,1
Packet Size,,0:18,19
Packet Size,,0:18,47
Packet Size,,0:18,19
Packet Size,,0:18,47
Packet Size,,0:19,47
Packet Size,,0:19,19
Packet Size,,0:19,47
Packet Size,,0:19,1
Packet Size,,0:19,19
Packet Size,,0:19,47
Packet Size,,0:20,47
Packet Size,,0:20,51
Packet Size,,0:20,51
Packet Size,,0:20,51
Packet Size,,0:20,51
Packet Size,,0:20,51
Packet Size,,0:20,51
Packet Size,,0:20,1
Packet Size,,0:20,51
Packet Size,,0:20,51
Packet Size,,0:20,51
Packet Size,,0:21,51
Packet Size,,0:21,51
Packet Size,,0:21,47
Packet Size,,0:21,51
Packet Size,,0:21,51
Packet Size,,0:21,51
Packet Size,,0:21,51
Packet Size,,0:21,1
Packet Size,,0:21,51
Packet Size,,0:21,47
Packet Size,,0:21,51
Packet Size,,0:21,47
Packet Size,,0:21,51
Packet Size,,0:21,51
Packet Size,,0:22,51
Packet Size,,0:22,47
Packet Size,,0:22,51
Packet Size,,0:22,51
Packet Size,,0:22,51
Packet Size,,0:22,51
Packet Size,,0:22,51
Packet Size,,0:22,1
Packet Size,,0:22,51
Packet Size,,0:22,51
Packet Size,,0:22,51
Packet Size,,0:23,51
Packet Size,,0:23,51
Packet Size,,0:23,47
Packet Size,,0:23,51
Packet Size,,0:23,51
Packet Size,,0:23,51
Packet Size,,0:23,51
Packet Size,,0:23,47
Packet Size,,0:23,1
Packet Size,,0:23,51
Packet Size,,0:23,51
Packet Size,,0:23,51
Packet Size,,0:23,51
Packet Size,,0:24,51
Packet Size,,0:24,51
Packet Size,,0:24,51
Packet Size,,0:24,47
Packet Size,,0:24,51
Packet Size,,0:24,19
Packet Size,,0:24,47
Packet Size,,0:24,51
Packet Size,,0:24,23
Packet Size,,0:24,51
Packet Size,,0:24,1
Packet Size,,0:24,51
Packet Size,,0:24,51
Packet Size,,0:24,51
Packet Size,,0:25,47
Packet Size,,0:25,51
Packet Size,,0:25,19
Packet Size,,0:25,23
Packet Size,,0:25,19
Packet Size,,0:25,47
Packet Size,,0:25,51
Packet Size,,0:25,51
Packet Size,,0:25,51
Packet Size,,0:25,19
Packet Size,,0:25,51
Packet Size,,0:25,51
Packet Size,,0:25,47
Packet Size,,0:25,1
Packet Size,,0:25,51
Packet Size,,0:25,47
Packet Size,,0:25,51
Packet Size,,0:25,19
Packet Size,,0:25,47
Packet Size,,0:25,51
Packet Size,,0:26,51
Packet Size,,0:26,51
Packet Size,,0:26,51
Packet Size,,0:26,51
Packet Size,,0:26,47
Packet Size,,0:26,47
Packet Size,,0:26,51
Packet Size,,0:26,19
Packet Size,,0:26,47
Packet Size,,0:26,51
Packet Size,,0:26,23
Packet Size,,0:26,1
Packet Size,,0:26,51
Packet Size,,0:26,51
Packet Size,,0:26,51
Packet Size,,0:26,51
Packet Size,,0:27,47
Packet Size,,0:27,19
Packet Size,,0:27,47
Packet Size,,0:27,23
Packet Size,,0:27,51
Packet Size,,0:27,51
Packet Size,,0:27,51
Packet Size,,0:27,19
Packet Size,,0:27,51
Packet Size,,0:27,19
Packet Size,,0:27,47
Packet Size,,0:27,51
Packet Size,,0:27,1
Packet Size,,0:28,47
Packet Size,,0:28,19
Packet Size,,0:28,47
Packet Size,,0:28,51
Packet Size,,0:28,51
Packet Size,,0:28,1
Packet Size,,0:28,47
Packet Size,,0:28,19
Packet Size,,0:28,47
Packet Size,,0:29,51
Packet Size,,0:29,47
Packet Size,,0:29,47
Packet Size,,0:29,51
Packet Size,,0:29,19
Packet Size,,0:29,51
Packet Size,,0:29,51
Packet Size,,0:29,23
Packet Size,,0:29,51
Packet Size,,0:29,19
Packet Size,,0:29,1
Packet Size,,0:29,47
Packet Size,,0:29,51
Packet Size,,0:29,51
Packet Size,,0:29,51
Packet Size,,0:30,51
Packet Size,,0:30,51
Packet Size,,0:30,47
Packet Size,,0:30,51
Packet Size,,0:30,51
Packet Size,,0:30,19
Packet Size,,0:30,51
Packet Size,,0:30,47
Packet Size,,0:30,51
Packet Size,,0:30,1
Packet Size,,0:30,51
Packet Size,,0:30,51
Packet Size,,0:30,51
Packet Size,,0:31,51
Packet Size,,0:31,47
Packet Size,,0:31,47
Packet Size,,0:31,19
Packet Size,,0:31,47
Packet Size,,0:31,51
Packet Size,,0:31,51
Packet Size,,0:31,51
Packet Size,,0:31,19
Packet Size,,0:31,51
Packet Size,,0:31,51
Packet Size,,0:31,47
Packet Size,,0:31,19
Packet Size,,0:31,47
Packet Size,,0:31,51
Packet Size,,0:31,1
Packet Size,,0:31,51
Packet Size,,0:31,51
Packet Size,,0:31,51
Packet Size,,0:32,51
Packet Size,,0:32,47
Packet Size,,0:32,51
Packet Size,,0:32,19
Packet Size,,0:32,47
Packet Size,,0:32,51
Packet Size,,0:32,1
Packet Size,,0:32,47
Packet Size,,0:32,47
Packet Size,,0:32,51
Packet Size,,0:32,51
Packet Size,,0:32,23
Packet Size,,0:32,51
Packet Size,,0:32,47
Packet Size,,0:33,19
Packet Size,,0:33,51
Packet Size,,0:33,47
Packet Size,,0:33,51
Packet Size,,0:33,51
Packet Size,,0:33,51
Packet Size,,0:33,51
Packet Size,,0:33,19
Packet Size,,0:33,47
Packet Size,,0:33,51
Packet Size,,0:33,1
Packet Size,,0:33,51
Packet Size,,0:33,19
Packet Size,,0:33,47
Packet Size,,0:33,51
Packet Size,,0:33,19
Packet Size,,0:33,51
Packet Size,,0:34,51
Packet Size,,0:34,51
Packet Size,,0:34,51
Packet Size,,0:34,47
Packet Size,,0:34,19
Packet Size,,0:34,47
Packet Size,,0:34,51
Packet Size,,0:34,51
Packet Size,,0:34,1
Packet Size,,0:34,47
Packet Size,,0:34,47
Packet Size,,0:34,51
Packet Size,,0:34,19
Packet Size,,0:34,51
Packet Size,,0:34,47
Packet Size,,0:34,23
Packet Size,,0:35,51
Packet Size,,0:35,51
Packet Size,,0:35,51
Packet Size,,0:35,51
Packet Size,,0:35,47
Packet Size,,0:35,51
Packet Size,,0:35,19
Packet Size,,0:35,51
Packet Size,,0:35,19
Packet Size,,0:35,47
Packet Size,,0:35,1
Packet Size,,0:35,51
Packet Size,,0:35,51
Packet Size,,0:35,51
Packet Size,,0:36,51
Packet Size,,0:36,51
Packet Size,,0:36,47
Packet Size,,0:36,47
Packet Size,,0:36,51
Packet Size,,0:36,51
Packet Size,,0:36,51
Packet Size,,0:36,51
Packet Size,,0:36,47
Packet Size,,0:36,51
Packet Size,,0:36,1
Packet Size,,0:36,51
Packet Size,,0:36,51
Packet Size,,0:36,51
Packet Size,,0:37,51
Packet Size,,0:37,47
Packet Size,,0:37,51
Packet Size,,0:37,51
Packet Size,,0:37,51
Packet Size,,0:37,51
Packet Size,,0:37,51
Packet Size,,0:37,1
Packet Size,,0:37,51
Packet Size,,0:37,51
Packet Size,,0:37,51
Packet Size,,0:38,51
Packet Size,,0:38,51
Packet Size,,0:38,51
Packet Size,,0:38,51
Packet Size,,0:38,47
Packet Size,,0:38,51
Packet Size,,0:38,51
Packet Size,,0:38,51
Packet Size,,0:38,1
Packet Size,,0:38,51
Packet Size,,0:38,51
Packet Size,,0:38,51
Packet Size,,0:39,51
Packet Size,,0:39,51
Packet Size,,0:39,51
Packet Size,,0:39,19
Packet Size,,0:39,47
Packet Size,,0:39,51
Packet Size,,0:39,23
Packet Size,,0:39,51
Packet Size,,0:39,51
Packet Size,,0:39,1
Packet Size,,0:39,51
Packet Size,,0:39,51
Packet Size,,0:39,47
Packet Size,,0:39,47
Packet Size,,0:39,51
Packet Size,,0:40,51
Packet Size,,0:40,19
Packet Size,,0:40,51
Packet Size,,0:40,51
Packet Size,,0:40,47
Packet Size,,0:40,51
Packet Size,,0:40,51
Packet Size,,0:40,47
Packet Size,,0:40,51
Packet Size,,0:40,1
Packet Size,,0:40,51
Packet Size,,0:40,51
Packet Size,,0:40,51
Packet Size,,0:40,47
Packet Size,,0:41,51
Packet Size,,0:41,23
Packet Size,,0:41,51
Packet Size,,0:41,19
Packet Size,,0:41,47
Packet Size,,0:41,51
Packet Size,,0:41,51
Packet Size,,0:41,51
Packet Size,,0:41,51
Packet Size,,0:41,51
Packet Size,,0:41,1
Packet Size,,0:41,47
Packet Size,,0:41,51
Packet Size,,0:41,51
Packet Size,,0:41,19
Packet Size,,0:41,47
Packet Size,,0:41,51
Packet Size,,0:42,51
Packet Size,,0:42,51
Packet Size,,0:42,51
Packet Size,,0:42,51
Packet Size,,0:42,47
Packet Size,,0:42,19
Packet Size,,0:42,47
Packet Size,,0:42,51
Packet Size,,0:42,51
Packet Size,,0:42,19
Packet Size,,0:42,1
Packet Size,,0:42,51
Packet Size,,0:42,51
Packet Size,,0:42,51
Packet Size,,0:43,47
Packet Size,,0:43,47
Packet Size,,0:43,23
Packet Size,,0:43,51
Packet Size,,0:43,51
Packet Size,,0:43,19
Packet Size,,0:43,47
Packet Size,,0:43,51
Packet Size,,0:43,51
Packet Size,,0:43,51
Packet Size,,0:43,1
Packet Size,,0:43,51
Packet Size,,0:43,51
Packet Size,,0:43,19
Packet Size,,0:43,47
Packet Size,,0:43,51
Packet Size,,0:44,19
Packet Size,,0:44,47
Packet Size,,0:44,51
Packet Size,,0:44,51
Packet Size,,0:44,51
Packet Size,,0:44,51
Packet Size,,0:44,51
Packet Size,,0:44,23
Packet Size,,0:44,47
Packet Size,,0:44,51
Packet Size,,0:44,47
Packet Size,,0:44,47
Packet Size,,0:44,47
Packet Size,,0:44,47
Packet Size,,0:44,1
Packet Size,,0:44,51
Packet Size,,0:44,51
Packet Size,,0:44,47
Packet Size,,0:44,19
Packet Size,,0:44,51
Packet Size,,0:45,47
Packet Size,,0:45,51
Packet Size,,0:45,23
Packet Size,,0:45,51
Packet Size,,0:45,51
Packet Size,,0:45,51
Packet Size,,0:45,51
Packet Size,,0:45,51
Packet Size,,0:45,1
Packet Size,,0:45,51
Packet Size,,0:45,51
Packet Size,,0:45,51
Packet Size,,0:46,51
Packet Size,,0:46,51
Packet Size,,0:46,51
Packet Size,,0:46,51
Packet Size,,0:46,51
Packet Size,,0:46,51
Packet Size,,0:46,51
Packet Size,,0:46,1
Packet Size,,0:46,51
Packet Size,,0:46,51
Packet Size,,0:46,51
Packet Size,,0:47,51
Packet Size,,0:47,19
Packet Size,,0:47,51
Packet Size,,0:47,51
Packet Size,,0:47,51
Packet Size,,0:47,51
Packet Size,,0:47,51
Packet Size,,0:47,51
Packet Size,,0:47,1
Packet Size,,0:47,51
Packet Size,,0:47,51
Packet Size,,0:48,51
Packet Size,,0:48,51
Packet Size,,0:48,51
Packet Size,,0:48,51
Packet Size,,0:48,51
Packet Size,,0:48,51
Packet Size,,0:48,51
Packet Size,,0:48,1
Packet Size,,0:48,51
Packet Size,,0:48,51
Packet Size,,0:48,47
Packet Size,,0:48,51
Packet Size,,0:49,51
Packet Size,,0:49,51
Packet Size,,0:49,51
Packet Size,,0:49,51
Packet Size,,0:49,51
Packet Size,,0:49,47
Packet Size,,0:49,51
Packet Size,,0:49,51
Packet Size,,0:49,1
Packet Size,,0:49,51
Packet Size,,0:49,51
Packet Size,,0:50,51
Packet Size,,0:50,51
Packet Size,,0:50,47
Packet Size,,0:50,23
Packet Size,,0:50,51
Packet Size,,0:50,51
Packet Size,,0:50,51
Packet Size,,0:50,51
Packet Size,,0:50,19
Packet Size,,0:50,51
Packet Size,,0:50,1
Packet Size,,0:50,51
Packet Size,,0:50,51
Packet Size,,0:50,51
Packet Size,,0:51,51
Packet Size,,0:51,51
Packet Size,,0:51,51
Packet Size,,0:51,51
Packet Size,,0:51,51
Packet Size,,0:51,51
Packet Size,,0:51,51
Packet Size,,0:51,1
Packet Size,,0:51,51
Packet Size,,0:51,47
Packet Size,,0:51,51
Packet Size,,0:51,51
Packet Size,,0:52,51
Packet Size,,0:52,51
Packet Size,,0:52,51
Packet Size,,0:52,51
Packet Size,,0:52,51
Packet Size,,0:52,51
Packet Size,,0:52,51
Packet Size,,0:52,1
Packet Size,,0:52,23
Packet Size,,0:52,51
Packet Size,,0:52,51
Packet Size,,0:53,51
Packet Size,,0:53,51
Packet Size,,0:53,51
Packet Size,,0:53,19
Packet Size,,0:53,51
Packet Size,,0:53,51
Packet Size,,0:53,47
Packet Size,,0:53,51
Packet Size,,0:53,51
Packet Size,,0:53,1
Packet Size,,0:53,51
Packet Size,,0:53,51
Packet Size,,0:53,47
Packet Size,,0:53,51
Packet Size,,0:54,51
Packet Size,,0:54,47
Packet Size,,0:54,51
Packet Size,,0:54,51
Packet Size,,0:54,47
Packet Size,,0:54,51
Packet Size,,0:54,51
Packet Size,,0:54,51
Packet Size,,0:54,51
Packet Size,,0:54,1
Packet Size,,0:54,47
Packet Size,,0:54,51
Packet Size,,0:54,51
Packet Size,,0:55,51
Packet Size,,0:55,47
Packet Size,,0:55,51
Packet Size,,0:55,51
Packet Size,,0:55,51
Packet Size,,0:55,51
Packet Size,,0:55,51
Packet Size,,0:55,51
Packet Size,,0:55,47
Packet Size,,0:55,51
Packet Size,,0:55,1
Packet Size,,0:55,51
Packet Size,,0:55,51
Packet Size,,0:55,23
Packet Size,,0:56,51
Packet Size,,0:56,51
Packet Size,,0:56,23
Packet Size,,0:56,51
Packet Size,,0:56,51
Packet Size,,0:56,51
Packet Size,,0:56,19
Packet Size,,0:56,51
Packet Size,,0:56,23
Packet Size,,0:56,19
Packet Size,,0:56,23
Packet Size,,0:56,19
Packet Size,,0:56,19
Packet Size,,0:56,51
Packet Size,,0:56,23
Packet Size,,0:56,23
Packet Size,,0:56,19
Packet Size,,0:56,19
Packet Size,,0:56,47
Packet Size,,0:56,1
Packet Size,,0:56,51
Packet Size,,0:56,23
Packet Size,,0:56,51
Packet Size,,0:56,47
Packet Size,,0:57,51
Packet Size,,0:57,51
Packet Size,,0:57,51
Packet Size,,0:57,19
Packet Size,,0:57,51
Packet Size,,0:57,51
Packet Size,,0:57,51
Packet Size,,0:57,51
Packet Size,,0:57,51
Packet Size,,0:57,1
Packet Size,,0:57,51
Packet Size,,0:57,51
Packet Size,,0:57,47
Packet Size,,0:58,51
Packet Size,,0:58,51
Packet Size,,0:58,51
Packet Size,,0:58,51
Packet Size,,0:58,51
Packet Size,,0:58,51
Packet Size,,0:58,51
Packet Size,,0:58,1
Packet Size,,0:58,51
Packet Size,,0:58,51
Packet Size,,0:58,51
Packet Size,,0:59,51
Packet Size,,0:59,51
Packet Size,,0:59,51
Packet Size,,0:59,51
Packet Size,,0:59,51
Packet Size,,0:59,47
Packet Size,,0:59,51
Packet Size,,0:59,51
Packet Size,,0:59,1
Packet Size,,0:59,51
Packet Size,,0:59,51
Packet Size,,1:0,51
Packet Size,,1:0,51
Packet Size,,1:0,51
Packet Size,,1:0,51
Packet Size,,1:0,51
Packet Size,,1:0,51
Packet Size,,1:0,47
Packet Size,,1:0,51
Packet Size,,1:0,1
Packet Size,,1:0,51
Packet Size,,1:0,51
Packet Size,,1:1,51
Packet Size,,1:1,51
Packet Size,,1:1,51
Packet Size,,1:1,51
Packet Size,,1:1,51
Packet Size,,1:1,51
Packet Size,,1:1,51
Packet Size,,1:1,51
Packet Size,,1:1,1
Packet Size,,1:1,51
Packet Size,,1:1,51
Packet Size,,1:2,51
Packet Size,,1:2,51
Packet Size,,1:2,51
Packet Size,,1:2,51
Packet Size,,1:2,51
Packet Size,,1:2,51
Packet Size,,1:2,51
Packet Size,,1:2,51
Packet Size,,1:2,1
Packet Size,,1:2,51
Packet Size,,1:2,51
Packet Size,,1:3,51
Packet Size,,1:3,51
Packet Size,,1:3,51
Packet Size,,1:3,51
Packet Size,,1:3,51
Packet Size,,1:3,47
Packet Size,,1:3,51
Packet Size,,1:3,51
Packet Size,,1:3,1
Packet Size,,1:3,51
Packet Size,,1:3,51
Packet Size,,1:3,47
Packet Size,,1:4,51
Packet Size,,1:4,51
Packet Size,,1:4,47
Packet Size,,1:4,51
Packet Size,,1:4,51
Packet Size,,1:4,47
Packet Size,,1:4,23
Packet Size,,1:4,51
Packet Size,,1:4,51
Packet Size,,1:4,47
Packet Size,,1:4,51
Packet Size,,1:4,47
Packet Size,,1:4,19
Packet Size,,1:4,51
Packet Size,,1:4,1
Packet Size,,1:4,47
Packet Size,,1:4,51
Packet Size,,1:4,51
Packet Size,,1:5,51
Packet Size,,1:5,51
Packet Size,,1:5,47
Packet Size,,1:5,51
Packet Size,,1:5,51
Packet Size,,1:5,47
Packet Size,,1:5,51
Packet Size,,1:5,51
Packet Size,,1:5,51
Packet Size,,1:5,1
Packet Size,,1:5,51
Packet Size,,1:5,47
Packet Size,,1:5,51
Packet Size,,1:5,19
Packet Size,,1:6,51
Packet Size,,1:6,51
Packet Size,,1:6,51
Packet Size,,1:6,51
Packet Size,,1:6,51
Packet Size,,1:6,47
Packet Size,,1:6,51
Packet Size,,1:6,51
Packet Size,,1:6,51
Packet Size,,1:6,1
Packet Size,,1:6,51
Packet Size,,1:6,51
Packet Size,,1:7,51
Packet Size,,1:7,51
Packet Size,,1:7,51
Packet Size,,1:7,51
Packet Size,,1:7,51
Packet Size,,1:7,51
Packet Size,,1:7,51
Packet Size,,1:7,1
Packet Size,,1:7,51
Packet Size,,1:7,51
Packet Size,,1:8,47
Packet Size,,1:8,51
Packet Size,,1:8,51
Packet Size,,1:8,47
Packet Size,,1:8,51
Packet Size,,1:8,47
Packet Size,,1:8,51
Packet Size,,1:8,47
Packet Size,,1:8,51
Packet Size,,1:8,51
Packet Size,,1:8,47
Packet Size,,1:8,51
Packet Size,,1:8,51
Packet Size,,1:8,1
Packet Size,,1:8,51
Packet Size,,1:8,51
Packet Size,,1:8,47
Packet Size,,1:9,51
Packet Size,,1:9,51
Packet Size,,1:9,51
Packet Size,,1:9,51
Packet Size,,1:9,47
Packet Size,,1:9,51
Packet Size,,1:9,51
Packet Size,,1:9,47
Packet Size,,1:9,51
Packet Size,,1:9,51
Packet Size,,1:9,1
Packet Size,,1:9,51
Packet Size,,1:10,51
Packet Size,,1:10,47
Packet Size,,1:10,51
Packet Size,,1:10,51
Packet Size,,1:10,51
Packet Size,,1:10,47
Packet Size,,1:10,51
Packet Size,,1:10,51
Packet Size,,1:10,47
Packet Size,,1:10,47
Packet Size,,1:10,51
Packet Size,,1:10,51
Packet Size,,1:10,1
Packet Size,,1:10,51
Packet Size,,1:10,51
Packet Size,,1:10,47
Packet Size,,1:11,51
Packet Size,,1:11,51
Packet Size,,1:11,47
Packet Size,,1:11,51
Packet Size,,1:11,51
Packet Size,,1:11,51
Packet Size,,1:11,51
Packet Size,,1:11,51
Packet Size,,1:11,47
Packet Size,,1:11,1
Packet Size,,1:11,51
Packet Size,,1:11,51
Packet Size,,1:12,51
Packet Size,,1:12,47
Packet Size,,1:12,51
Packet Size,,1:12,51
Packet Size,,1:12,47
Packet Size,,1:12,51
Packet Size,,1:12,47
Packet Size,,1:12,51
Packet Size,,1:12,51
Packet Size,,1:12,51
Packet Size,,1:12,19
Packet Size,,1:12,1
Packet Size,,1:12,47
Packet Size,,1:12,23
Packet Size,,1:12,51
Packet Size,,1:13,51
Packet Size,,1:13,51
Packet Size,,1:13,51
Packet Size,,1:13,51
Packet Size,,1:13,47
Packet Size,,1:13,19
Packet Size,,1:13,51
Packet Size,,1:13,51
Packet Size,,1:13,51
Packet Size,,1:13,51
Packet Size,,1:13,1
Packet Size,,1:13,47
Packet Size,,1:13,51
Packet Size,,1:13,51
Packet Size,,1:14,47
Packet Size,,1:14,51
Packet Size,,1:14,51
Packet Size,,1:14,23
Packet Size,,1:14,19
Packet Size,,1:14,47
Packet Size,,1:14,51
Packet Size,,1:14,51
Packet Size,,1:14,51
Packet Size,,1:14,51
Packet Size,,1:14,19
Packet Size,,1:14,51
Packet Size,,1:14,47
Packet Size,,1:14,51
Packet Size,,1:14,1
Packet Size,,1:14,51
Packet Size,,1:15,51
Packet Size,,1:15,51
Packet Size,,1:15,51
Packet Size,,1:15,51
Packet Size,,1:15,51
Packet Size,,1:15,51
Packet Size,,1:15,51
Packet Size,,1:15,51
Packet Size,,1:15,1
Packet Size,,1:15,51
Packet Size,,1:15,51
Packet Size,,1:15,47
Packet Size,,1:16,51
Packet Size,,1:16,51
Packet Size,,1:16,47
Packet Size,,1:16,23
Packet Size,,1:16,51
Packet Size,,1:16,51
Packet Size,,1:16,19
Packet Size,,1:16,51
Packet Size,,1:16,23
Packet Size,,1:16,23
Packet Size,,1:16,51
Packet Size,,1:16,19
Packet Size,,1:16,47
Packet Size,,1:16,51
Packet Size,,1:16,51
Packet Size,,1:16,1
Packet Size,,1:16,51
Packet Size,,1:16,51
Packet Size,,1:17,51
Packet Size,,1:17,23
Packet Size,,1:17,47
Packet Size,,1:17,51
Packet Size,,1:17,19
Packet Size,,1:17,51
Packet Size,,1:17,23
Packet Size,,1:17,19
Packet Size,,1:17,47
Packet Size,,1:17,51
Packet Size,,1:17,47
Packet Size,,1:17,23
Packet Size,,1:17,19
Packet Size,,1:17,47
Packet Size,,1:17,19
Packet Size,,1:17,19
Packet Size,,1:17,51
Packet Size,,1:17,23
Packet Size,,1:17,19
Packet Size,,1:17,51
Packet Size,,1:17,51
Packet Size,,1:17,1
Packet Size,,1:17,51
Packet Size,,1:17,51
Packet Size,,1:17,47
Packet Size,,1:18,47
Packet Size,,1:18,51
Packet Size,,1:18,51
Packet Size,,1:18,19
Packet Size,,1:18,23
Packet Size,,1:18,19
Packet Size,,1:18,47
Packet Size,,1:18,23
Packet Size,,1:18,51
Packet Size,,1:18,51
Packet Size,,1:18,51
Packet Size,,1:18,51
Packet Size,,1:18,19
Packet Size,,1:18,51
Packet Size,,1:18,47
Packet Size,,1:18,51
Packet Size,,1:18,1
Packet Size,,1:18,47
Packet Size,,1:18,51
Packet Size,,1:18,23
Packet Size,,1:19,51
Packet Size,,1:19,19
Packet Size,,1:19,47
Packet Size,,1:19,19
Packet Size,,1:19,51
Packet Size,,1:19,51
Packet Size,,1:19,19
Packet Size,,1:19,51
Packet Size,,1:19,51
Packet Size,,1:19,51
Packet Size,,1:19,47
Packet Size,,1:19,51
Packet Size,,1:19,23
Packet Size,,1:19,51
Packet Size,,1:19,51
Packet Size,,1:19,1
Packet Size,,1:19,47
Packet Size,,1:19,51
Packet Size,,1:20,19
Packet Size,,1:20,51
Packet Size,,1:20,51
Packet Size,,1:20,51
Packet Size,,1:20,51
Packet Size,,1:20,51
Packet Size,,1:20,19
Packet Size,,1:20,47
Packet Size,,1:20,51
Packet Size,,1:20,51
Packet Size,,1:20,51
Packet Size,,1:20,1
Packet Size,,1:20,51
Packet Size,,1:21,51
Packet Size,,1:21,47
Packet Size,,1:21,51
Packet Size,,1:21,19
Packet Size,,1:21,47
Packet Size,,1:21,23
Packet Size,,1:21,51
Packet Size,,1:21,51
Packet Size,,1:21,51
Packet Size,,1:21,51
Packet Size,,1:21,51
Packet Size,,1:21,47
Packet Size,,1:21,19
Packet Size,,1:21,51
Packet Size,,1:21,47
Packet Size,,1:21,51
Packet Size,,1:21,1
Packet Size,,1:21,51
Packet Size,,1:22,51
Packet Size,,1:22,47
Packet Size,,1:22,51
Packet Size,,1:22,23
Packet Size,,1:22,19
Packet Size,,1:22,47
Packet Size,,1:22,51
Packet Size,,1:22,19
Packet Size,,1:22,51
Packet Size,,1:22,51
Packet Size,,1:22,51
Packet Size,,1:22,1
Packet Size,,1:22,51
Packet Size,,1:22,47
Packet Size,,1:23,47
Packet Size,,1:23,23
Packet Size,,1:23,19
Packet Size,,1:23,51
Packet Size,,1:23,19
Packet Size,,1:23,51
Packet Size,,1:23,23
Packet Size,,1:23,23
Packet Size,,1:23,51
Packet Size,,1:23,19
Packet Size,,1:23,47
Packet Size,,1:23,51
Packet Size,,1:23,51
Packet Size,,1:23,51
Packet Size,,1:23,51
Packet Size,,1:23,1
Packet Size,,1:23,51
Packet Size,,1:24,47
Packet Size,,1:24,51
Packet Size,,1:24,47
Packet Size,,1:24,19
Packet Size,,1:24,47
Packet Size,,1:24,19
Packet Size,,1:24,51
Packet Size,,1:24,51
Packet Size,,1:24,23
Packet Size,,1:24,51
Packet Size,,1:24,51
Packet Size,,1:24,23
Packet Size,,1:24,51
Packet Size,,1:24,47
Packet Size,,1:24,47
Packet Size,,1:24,47
Packet Size,,1:24,19
Packet Size,,1:24,23
Packet Size,,1:24,51
Packet Size,,1:24,19
Packet Size,,1:24,47
Packet Size,,1:24,51
Packet Size,,1:24,1
Packet Size,,1:24,19
Packet Size,,1:24,23
Packet Size,,1:24,19
Packet Size,,1:24,51
Packet Size,,1:25,51
Packet Size,,1:25,51
Packet Size,,1:25,47
Packet Size,,1:25,19
Packet Size,,1:25,51
Packet Size,,1:25,23
Packet Size,,1:25,47
Packet Size,,1:25,23
Packet Size,,1:25,51
Packet Size,,1:25,51
Packet Size,,1:25,51
Packet Size,,1:25,51
Packet Size,,1:25,51
Packet Size,,1:25,51
Packet Size,,1:25,1
Packet Size,,1:25,51
Packet Size,,1:26,51
Packet Size,,1:26,51
Packet Size,,1:26,51
Packet Size,,1:26,51
Packet Size,,1:26,19
Packet Size,,1:26,51
Packet Size,,1:26,23
Packet Size,,1:26,51
Packet Size,,1:26,51
Packet Size,,1:26,1
Packet Size,,1:27,51
Packet Size,,1:27,19
Packet Size,,1:27,19
Packet Size,,1:27,19
Packet Size,,1:27,19
Packet Size,,1:27,51
Packet Size,,1:27,47
Packet Size,,1:27,51
Packet Size,,1:27,1
Packet Size,,1:27,51
Packet Size,,1:27,47
Packet Size,,1:28,51
Packet Size,,1:28,23
Packet Size,,1:28,51
Packet Size,,1:28,51
Packet Size,,1:28,51
Packet Size,,1:28,47
Packet Size,,1:28,51
Packet Size,,1:28,51
Packet Size,,1:28,51
Packet Size,,1:28,51
Packet Size,,1:28,51
Packet Size,,1:28,1
Packet Size,,1:28,51
Packet Size,,1:29,51
Packet Size,,1:29,47
Packet Size,,1:29,47
Packet Size,,1:29,47
Packet Size,,1:29,51
Packet Size,,1:29,51
Packet Size,,1:29,47
Packet Size,,1:29,19
Packet Size,,1:29,51
Packet Size,,1:29,51
Packet Size,,1:29,51
Packet Size,,1:29,51
Packet Size,,1:29,47
Packet Size,,1:29,51
Packet Size,,1:29,1
Packet Size,,1:29,51
Packet Size,,1:30,51
Packet Size,,1:30,51
Packet Size,,1:30,51
Packet Size,,1:30,51
Packet Size,,1:30,51
Packet Size,,1:30,51
Packet Size,,1:30,51
Packet Size,,1:30,47
Packet Size,,1:30,51
Packet Size,,1:30,1
Packet Size,,1:30,51
Packet Size,,1:31,51
Packet Size,,1:31,23
Packet Size,,1:31,51
Packet Size,,1:31,5